id,title,description,availability,condition,price,link,image_link,brand,google_product_category,fb_product_category,sale_price,item_group_id,gender,age_group,material,shipping
america-250th-anniversary-eagle-iphone-case,"America 250th Anniversary Eagle iPhone Case, Patriotic God Bless America Phone Cover","This clear iPhone case wraps America's 250th anniversary in one bold graphic: a soaring eagle, a waving flag, a nod to military service, and lines from…",in stock,new,24.99 USD,https://curatedthreadsoutdoors.com/products/america-250th-anniversary-eagle-iphone-case?utm_source=facebook&utm_medium=catalog&utm_campaign=meta_catalog&utm_content=america-250th-anniversary-eagle-iphone-case,https://i.etsystatic.com/57889570/r/il/a44ea9/8133108069/il_1588xN.8133108069_sjxi.jpg,Curated Threads Outdoors,Electronics > Communications > Telephony > Mobile Phone Accessories > Mobile Phone Cases,Electronics,,,,,plastic,US::Standard:0.00 USD
america-250th-anniversary-eagle-tank-top-patriotic-god-bless-america-shirt,"America 250th Anniversary Eagle Tank Top, Patriotic God Bless America Shirt","This tank top carries a bold eagle graphic across the chest, a soaring eagle, a waving flag, a nod to military service, and the classic ""Start Your…",in stock,new,19.99 USD,https://curatedthreadsoutdoors.com/products/america-250th-anniversary-eagle-tank-top-patriotic-god-bless-america-shirt?utm_source=facebook&utm_medium=catalog&utm_campaign=meta_catalog&utm_content=america-250th-anniversary-eagle-tank-top-patriotic-god-bless-america-shirt,https://i.etsystatic.com/57889570/r/il/ace495/8133090193/il_1588xN.8133090193_48z7.jpg,Curated Threads Outdoors,Apparel & Accessories > Clothing > Shirts & Tops,Clothing & Accessories > Clothing,,,unisex,adult,cotton,US::Standard:0.00 USD
america-250th-anniversary-patriotic-eagle-pint-glass,"America 250th Anniversary Patriotic Eagle Pint Glass, God Bless America Barware","Raise a glass to 250 years of freedom with this patriotic pint glass, printed with a bold eagle, waving flag, a nod to military service, and the classic…",in stock,new,26.99 USD,https://curatedthreadsoutdoors.com/products/america-250th-anniversary-patriotic-eagle-pint-glass?utm_source=facebook&utm_medium=catalog&utm_campaign=meta_catalog&utm_content=america-250th-anniversary-patriotic-eagle-pint-glass,https://i.etsystatic.com/57889570/r/il/9044c1/8085199096/il_1588xN.8085199096_1q1r.jpg,Curated Threads Outdoors,Home & Garden > Kitchen & Dining > Tableware > Drinkware > Barware,Home & Garden > Kitchen & Dining,,,,,glass,US::Standard:0.00 USD
bald-eagle-patriotic-250th-tshirt-american-flag-graphic-tee,"Bald Eagle Patriotic 250th TShirt, American Flag Graphic Tee, USA Pride Unisex T-Shirt","This tee puts a bold bald eagle and American flag graphic front and center, the kind of design that works for the Fourth of July, Memorial Day, Veterans…",in stock,new,27.99 USD,https://curatedthreadsoutdoors.com/products/bald-eagle-patriotic-250th-tshirt-american-flag-graphic-tee?utm_source=facebook&utm_medium=catalog&utm_campaign=meta_catalog&utm_content=bald-eagle-patriotic-250th-tshirt-american-flag-graphic-tee,https://i.etsystatic.com/57889570/r/il/f796f2/8296661427/il_1588xN.8296661427_1bzl.jpg,Curated Threads Outdoors,Apparel & Accessories > Clothing > Shirts & Tops,Clothing & Accessories > Clothing,21.99 USD,,unisex,adult,cotton,US::Standard:0.00 USD
bass-fishing-hoodie-hook-line-and-sinker-lake-sunset-sweatshirt,"Bass Fishing Hoodie, Hook Line and Sinker Lake Sunset Sweatshirt, Trophy Bass Fisherman Gift for Dad Mom, Fishing Birthday Christmas Gift","Evenings on the water, the last cast before the sun drops, and the one that finally didn't get away. Free shipping from our Etsy shop.",in stock,new,49.99 USD,https://curatedthreadsoutdoors.com/products/bass-fishing-hoodie-hook-line-and-sinker-lake-sunset-sweatshirt?utm_source=facebook&utm_medium=catalog&utm_campaign=meta_catalog&utm_content=bass-fishing-hoodie-hook-line-and-sinker-lake-sunset-sweatshirt,https://i.etsystatic.com/57889570/r/il/a389ce/8357766424/il_1588xN.8357766424_qtti.jpg,Curated Threads Outdoors,Apparel & Accessories > Clothing > Shirts & Tops,Clothing & Accessories > Clothing,,,unisex,adult,cotton-polyester blend,US::Standard:0.00 USD
bear-down-one-nation-under-god-shirt-patriotic-bear-hunting-tee,"Bear Down One Nation Under God Shirt, Patriotic Bear Hunting Tee, Hunter Gift Men and Women","This Bear Down tee puts a charging grizzly front and center against a mountain backdrop, framed by weathered earth tones, bold stars, and ""One Nation…",in stock,new,27.99 USD,https://curatedthreadsoutdoors.com/products/bear-down-one-nation-under-god-shirt-patriotic-bear-hunting-tee?utm_source=facebook&utm_medium=catalog&utm_campaign=meta_catalog&utm_content=bear-down-one-nation-under-god-shirt-patriotic-bear-hunting-tee,https://i.etsystatic.com/57889570/r/il/bdfff9/8292069393/il_1588xN.8292069393_oth9.jpg,Curated Threads Outdoors,Apparel & Accessories > Clothing > Shirts & Tops,Clothing & Accessories > Clothing,21.99 USD,,unisex,adult,cotton,US::Standard:0.00 USD
bear-hunter-hoodie-black-bear-hunting-sweatshirt,"Bear Hunter Hoodie, Black Bear Hunting Sweatshirt, Hound Hunter Gift for Dad Mom Grandpa, Hunting Birthday Christmas Gift Idea","Cold mountain mornings, the bay of a hound on a hot track, and the walk out with a story worth telling. Free shipping from our Etsy shop.",in stock,new,49.99 USD,https://curatedthreadsoutdoors.com/products/bear-hunter-hoodie-black-bear-hunting-sweatshirt?utm_source=facebook&utm_medium=catalog&utm_campaign=meta_catalog&utm_content=bear-hunter-hoodie-black-bear-hunting-sweatshirt,https://i.etsystatic.com/57889570/r/il/d685ad/8326040916/il_1588xN.8326040916_8goy.jpg,Curated Threads Outdoors,Apparel & Accessories > Clothing > Shirts & Tops,Clothing & Accessories > Clothing,,,unisex,adult,cotton-polyester blend,US::Standard:0.00 USD
bear-hunter-mug-black-bear-hunting-coffee-cup,"Bear Hunter Mug, Black Bear Hunting Coffee Cup, Hound Hunter Gift for Dad Mom Grandpa, Hunting Birthday Christmas Gift Idea",Cold mountain mornings and the bay of a hound on a hot track come to mind with this bear hunter mug. Free shipping from our Etsy shop.,in stock,new,18.99 USD,https://curatedthreadsoutdoors.com/products/bear-hunter-mug-black-bear-hunting-coffee-cup?utm_source=facebook&utm_medium=catalog&utm_campaign=meta_catalog&utm_content=bear-hunter-mug-black-bear-hunting-coffee-cup,https://i.etsystatic.com/57889570/r/il/0e0c92/8292817007/il_1588xN.8292817007_f73z.jpg,Curated Threads Outdoors,Home & Garden > Kitchen & Dining > Tableware > Drinkware > Coffee & Tea Cups,Home & Garden > Kitchen & Dining,,,,,ceramic,US::Standard:0.00 USD
bear-hunter-shirt-black-bear-hunting-graphic-tee,"Bear Hunter Shirt, Black Bear Hunting Graphic Tee, Hound Hunter Gift for Dad Mom Grandpa, Hunting Birthday Christmas Gift Idea",This bear hunter tee is built for the one who follows the hounds up the mountain and lives for the bay of a treed bear. Free shipping from our Etsy shop.,in stock,new,27.99 USD,https://curatedthreadsoutdoors.com/products/bear-hunter-shirt-black-bear-hunting-graphic-tee?utm_source=facebook&utm_medium=catalog&utm_campaign=meta_catalog&utm_content=bear-hunter-shirt-black-bear-hunting-graphic-tee,https://i.etsystatic.com/57889570/r/il/9dc4c0/8244900806/il_1588xN.8244900806_dut0.jpg,Curated Threads Outdoors,Apparel & Accessories > Clothing > Shirts & Tops,Clothing & Accessories > Clothing,21.99 USD,,unisex,adult,cotton,US::Standard:0.00 USD
big-buck-down-hoodie-whitetail-deer-hunter-sweatshirt,"Big Buck Down Hoodie, Whitetail Deer Hunter Sweatshirt, Hunt Camp Bragging Rights Gift for Dad, Hunting Birthday Christmas Gift","For the hunter who dropped their target buck and can't wait to tell everybody at deer camp about it, this Big Buck Down hoodie features a bold, detailed whitetail illustration with a proud rack, paired with rugged camo-pattern lettering that reads like a campfire brag and a grin. Free shipping from our Etsy shop.",in stock,new,49.99 USD,https://curatedthreadsoutdoors.com/products/big-buck-down-hoodie-whitetail-deer-hunter-sweatshirt?utm_source=facebook&utm_medium=catalog&utm_campaign=meta_catalog&utm_content=big-buck-down-hoodie-whitetail-deer-hunter-sweatshirt,https://i.etsystatic.com/57889570/r/il/930f9b/8408156033/il_1588xN.8408156033_f9p8.jpg,Curated Threads Outdoors,Apparel & Accessories > Clothing > Shirts & Tops,Clothing & Accessories > Clothing,,,unisex,adult,cotton-polyester blend,US::Standard:0.00 USD
big-buck-down-mug-whitetail-deer-hunter-coffee-cup,"Big Buck Down Mug, Whitetail Deer Hunter Coffee Cup, Hunt Camp Bragging Rights Gift for Dad, Hunting Birthday Christmas Gift","Steam rising off black coffee before the sun clears the ridge, this Big Buck Down mug features a bold, detailed whitetail illustration with a proud rack, paired with rugged camo-pattern lettering that reads like a campfire brag and a grin. Free shipping from our Etsy shop.",in stock,new,18.99 USD,https://curatedthreadsoutdoors.com/products/big-buck-down-mug-whitetail-deer-hunter-coffee-cup?utm_source=facebook&utm_medium=catalog&utm_campaign=meta_catalog&utm_content=big-buck-down-mug-whitetail-deer-hunter-coffee-cup,https://i.etsystatic.com/57889570/r/il/eb83af/8408294947/il_1588xN.8408294947_re8x.jpg,Curated Threads Outdoors,Home & Garden > Kitchen & Dining > Tableware > Drinkware > Coffee & Tea Cups,Home & Garden > Kitchen & Dining,,,,,ceramic,US::Standard:0.00 USD
born-to-hunt-hoodie-coonhound-hunting-dog-sweatshirt,"Born to Hunt Hoodie, Coonhound Hunting Dog Sweatshirt, Walker Plott Black and Tan Hound Gift for Dad, Hunter Birthday Christmas Gift","A bold Walker, Plott, and Black and Tan hound scene on a warm 8 oz cotton-poly fleece hoodie built for cool autumn ridges. Free shipping from our Etsy shop.",in stock,new,49.99 USD,https://curatedthreadsoutdoors.com/products/born-to-hunt-hoodie-coonhound-hunting-dog-sweatshirt?utm_source=facebook&utm_medium=catalog&utm_campaign=meta_catalog&utm_content=born-to-hunt-hoodie-coonhound-hunting-dog-sweatshirt,https://i.etsystatic.com/57889570/r/il/2aba87/8423147294/il_1588xN.8423147294_1lqt.jpg,Curated Threads Outdoors,Apparel & Accessories > Clothing > Shirts & Tops,Clothing & Accessories > Clothing,,,unisex,adult,cotton-polyester blend,US::Standard:0.00 USD
born-to-hunt-shirt-coonhound-hunting-dog-tee,"Born to Hunt Shirt, Coonhound Hunting Dog Tee, Walker Plott Black and Tan Hound Gift for Dad, Hunter Birthday Christmas Gift Idea","A bold Walker, Plott, and Black and Tan hound scene on soft 100% cotton for cold autumn mornings on the ridge. Free shipping from our Etsy shop.",in stock,new,27.99 USD,https://curatedthreadsoutdoors.com/products/born-to-hunt-shirt-coonhound-hunting-dog-tee?utm_source=facebook&utm_medium=catalog&utm_campaign=meta_catalog&utm_content=born-to-hunt-shirt-coonhound-hunting-dog-tee,https://i.etsystatic.com/57889570/r/il/cb8e3f/8423107970/il_1588xN.8423107970_n1c2.jpg,Curated Threads Outdoors,Apparel & Accessories > Clothing > Shirts & Tops,Clothing & Accessories > Clothing,,,unisex,adult,cotton,US::Standard:0.00 USD
coonhound-hunting-canvas-walker-plott-hound-wall-art,"Coonhound Hunting Canvas, Walker Plott Black and Tan Hound Wall Art, Framed Cabin Decor, Gift for Hunter Dad Grandpa Husband","A framed cabin-ready canvas of Walker, Plott, and Black and Tan hounds on the run through frost-touched timber. Free shipping from our Etsy shop.",in stock,new,59.99 USD,https://curatedthreadsoutdoors.com/products/coonhound-hunting-canvas-walker-plott-hound-wall-art?utm_source=facebook&utm_medium=catalog&utm_campaign=meta_catalog&utm_content=coonhound-hunting-canvas-walker-plott-hound-wall-art,https://i.etsystatic.com/57889570/r/il/0d75df/8471019037/il_1588xN.8471019037_4t6k.jpg,Curated Threads Outdoors,"Home & Garden > Decor > Artwork > Posters, Prints, & Visual Artwork",Home & Garden,,,,,canvas,US::Standard:0.00 USD
curated-threads-outdoors-hoodie-mountain-fishing-hunting-sweatshirt,"Curated Threads Outdoors Hoodie, Mountain Fishing Hunting Sweatshirt, Adventure Gift","The Curated Threads Outdoors hoodie carries a small chest emblem and a detailed back-print landscape for the folks who chase rivers, ridges, and campfire smoke. Free shipping from our Etsy shop.",in stock,new,49.99 USD,https://curatedthreadsoutdoors.com/products/curated-threads-outdoors-hoodie-mountain-fishing-hunting-sweatshirt?utm_source=facebook&utm_medium=catalog&utm_campaign=meta_catalog&utm_content=curated-threads-outdoors-hoodie-mountain-fishing-hunting-sweatshirt,https://i.etsystatic.com/57889570/r/il/3de021/8379182205/il_1588xN.8379182205_9spm.jpg,Curated Threads Outdoors,Apparel & Accessories > Clothing > Shirts & Tops,Clothing & Accessories > Clothing,,,unisex,adult,cotton-polyester blend,US::Standard:0.00 USD
elk-hunting-mug-big-game-hunter-coffee-cup,"Elk Hunting Mug, Big Game Hunter Coffee Cup, Western Rifle Hunter Gift for Dad Mom Grandpa, Hunting Birthday Christmas Gift Idea",Bugles at first light and the long walk back down the mountain with meat on the frame inspired this elk hunting mug. Free shipping from our Etsy shop.,in stock,new,18.99 USD,https://curatedthreadsoutdoors.com/products/elk-hunting-mug-big-game-hunter-coffee-cup?utm_source=facebook&utm_medium=catalog&utm_campaign=meta_catalog&utm_content=elk-hunting-mug-big-game-hunter-coffee-cup,https://i.etsystatic.com/57889570/r/il/7bea78/8298813626/il_1588xN.8298813626_8bzp.jpg,Curated Threads Outdoors,Home & Garden > Kitchen & Dining > Tableware > Drinkware > Coffee & Tea Cups,Home & Garden > Kitchen & Dining,,,,,ceramic,US::Standard:0.00 USD
elk-hunting-shirt-big-game-hunter-graphic-tee,"Elk Hunting Shirt, Big Game Hunter Graphic Tee, Western Rifle Hunter Gift for Dad Mom Grandpa, Hunting Birthday Christmas Gift",This big game hunter tee is for the one who chases bugles at first light and lives for the pack-out. Free shipping from our Etsy shop.,in stock,new,27.99 USD,https://curatedthreadsoutdoors.com/products/elk-hunting-shirt-big-game-hunter-graphic-tee?utm_source=facebook&utm_medium=catalog&utm_campaign=meta_catalog&utm_content=elk-hunting-shirt-big-game-hunter-graphic-tee,https://i.etsystatic.com/57889570/r/il/e75b63/8298811234/il_1588xN.8298811234_jd86.jpg,Curated Threads Outdoors,Apparel & Accessories > Clothing > Shirts & Tops,Clothing & Accessories > Clothing,20.99 USD,,unisex,adult,cotton,US::Standard:0.00 USD
faith-freedom-unity-distressed-american-flag-t-shirt,"Faith Freedom Unity Distressed American Flag T-Shirt, Patriotic USA Pride Tee","This tee keeps things simple: a bold, distressed American flag centered on the chest with three words underneath that say everything they need to, Faith.",in stock,new,27.99 USD,https://curatedthreadsoutdoors.com/products/faith-freedom-unity-distressed-american-flag-t-shirt?utm_source=facebook&utm_medium=catalog&utm_campaign=meta_catalog&utm_content=faith-freedom-unity-distressed-american-flag-t-shirt,https://i.etsystatic.com/57889570/r/il/6ba2aa/8296641845/il_1588xN.8296641845_aey6.jpg,Curated Threads Outdoors,Apparel & Accessories > Clothing > Shirts & Tops,Clothing & Accessories > Clothing,21.99 USD,,unisex,adult,cotton,US::Standard:0.00 USD
fishing-koozie-marlin-deep-sea-fishing-koozie,"Fishing koozie, Marlin Deep Sea Fishing Koozie, Fisherman Gift for Dad Mom Grandpa, Fishing Birthday Christmas Gift Idea, Can Cooler","Cold drinks and salt air come standard with this marlin koozie, built for the angler who measures a good day by tight lines and a full cooler.",in stock,new,15.99 USD,https://curatedthreadsoutdoors.com/products/fishing-koozie-marlin-deep-sea-fishing-koozie?utm_source=facebook&utm_medium=catalog&utm_campaign=meta_catalog&utm_content=fishing-koozie-marlin-deep-sea-fishing-koozie,https://i.etsystatic.com/57889570/r/il/99aa7e/8291951925/il_1588xN.8291951925_plys.jpg,Curated Threads Outdoors,Home & Garden > Kitchen & Dining > Tableware > Drinkware,Home & Garden > Kitchen & Dining,,,,,neoprene,US::Standard:0.00 USD
freedom-american-flag-shirt-distressed-patriotic-tee-4th-of-july-gift,"Freedom American Flag Shirt, Distressed Patriotic Tee, 4th of July Gift","This Freedom tee keeps things simple: a bold, distressed American flag centered on the chest with one word underneath that says everything it needs to.",in stock,new,27.99 USD,https://curatedthreadsoutdoors.com/products/freedom-american-flag-shirt-distressed-patriotic-tee-4th-of-july-gift?utm_source=facebook&utm_medium=catalog&utm_campaign=meta_catalog&utm_content=freedom-american-flag-shirt-distressed-patriotic-tee-4th-of-july-gift,https://i.etsystatic.com/57889570/r/il/076335/8248722236/il_1588xN.8248722236_49bh.jpg,Curated Threads Outdoors,Apparel & Accessories > Clothing > Shirts & Tops,Clothing & Accessories > Clothing,21.99 USD,,unisex,adult,cotton,US::Standard:0.00 USD
funny-big-buck-baby-deer-hunting-t-shirt-whitetail-graphic-tee,"Funny Big Buck Baby Deer Hunting T-Shirt, Whitetail Graphic Tee","This funny deer hunting tee mixes rugged outdoor humor with everyday comfort, the kind of graphic tee that fits right in at hunting camp or around town.",in stock,new,27.99 USD,https://curatedthreadsoutdoors.com/products/funny-big-buck-baby-deer-hunting-t-shirt-whitetail-graphic-tee?utm_source=facebook&utm_medium=catalog&utm_campaign=meta_catalog&utm_content=funny-big-buck-baby-deer-hunting-t-shirt-whitetail-graphic-tee,https://i.etsystatic.com/57889570/r/il/b70cc9/8085240308/il_1588xN.8085240308_fdvx.jpg,Curated Threads Outdoors,Apparel & Accessories > Clothing > Shirts & Tops,Clothing & Accessories > Clothing,21.99 USD,,unisex,adult,cotton,US::Standard:0.00 USD
funny-fishing-koozie-rainbow-trout-can-cooler-fishing-gift-for-men-women,"Funny Fishing Koozie, Rainbow Trout Can Cooler, Fishing Gift for Men Women",This trout koozie is built for that first cold one after a long morning of casting. Free shipping from our Etsy shop.,in stock,new,15.99 USD,https://curatedthreadsoutdoors.com/products/funny-fishing-koozie-rainbow-trout-can-cooler-fishing-gift-for-men-women?utm_source=facebook&utm_medium=catalog&utm_campaign=meta_catalog&utm_content=funny-fishing-koozie-rainbow-trout-can-cooler-fishing-gift-for-men-women,https://i.etsystatic.com/57889570/r/il/b9861f/8248742148/il_1588xN.8248742148_8mta.jpg,Curated Threads Outdoors,Home & Garden > Kitchen & Dining > Tableware > Drinkware,Home & Garden > Kitchen & Dining,,,,,neoprene,US::Standard:0.00 USD
funny-fishing-mug-for-men-rainbow-trout-fly-fishing-coffee-cup,"Funny Fishing Mug for Men, Rainbow Trout Fly Fishing Coffee Cup, Fisherman Gift",This funny fishing mug is for the person who already owns three tackle boxes and still swears they need one more rod. Free shipping from our Etsy shop.,in stock,new,18.99 USD,https://curatedthreadsoutdoors.com/products/funny-fishing-mug-for-men-rainbow-trout-fly-fishing-coffee-cup?utm_source=facebook&utm_medium=catalog&utm_campaign=meta_catalog&utm_content=funny-fishing-mug-for-men-rainbow-trout-fly-fishing-coffee-cup,https://i.etsystatic.com/57889570/r/il/061235/8243687540/il_1588xN.8243687540_2o5e.jpg,Curated Threads Outdoors,Home & Garden > Kitchen & Dining > Tableware > Drinkware > Coffee & Tea Cups,Home & Garden > Kitchen & Dining,,,,,ceramic,US::Standard:0.00 USD
funny-fishing-shirt-rainbow-trout-fly-fishing-graphic-tee,"Funny Fishing Shirt, Rainbow Trout Fly Fishing Graphic Tee, Fisherman Gift for Dad Mom Grandpa, Fishing Birthday Christmas Gift Idea",Some people need an alarm clock. Others just need to know the river opens at first light. Free shipping from our Etsy shop.,in stock,new,27.99 USD,https://curatedthreadsoutdoors.com/products/funny-fishing-shirt-rainbow-trout-fly-fishing-graphic-tee?utm_source=facebook&utm_medium=catalog&utm_campaign=meta_catalog&utm_content=funny-fishing-shirt-rainbow-trout-fly-fishing-graphic-tee,https://i.etsystatic.com/57889570/r/il/2e9076/7974279212/il_1588xN.7974279212_1p8i.jpg,Curated Threads Outdoors,Apparel & Accessories > Clothing > Shirts & Tops,Clothing & Accessories > Clothing,21.99 USD,,unisex,adult,cotton,US::Standard:0.00 USD
funny-hunting-hoodie-deer-in-my-freezer-sweatshirt,"Funny Hunting Hoodie, Deer In My Freezer Sweatshirt, Whitetail Buck Hunter Gift for Dad Mom, Hunting Birthday Christmas Gift","Every deer hunter has heard some version of the joke: fitness is measured in pounds of venison, not miles on a treadmill. Free shipping from our Etsy shop.",in stock,new,49.99 USD,https://curatedthreadsoutdoors.com/products/funny-hunting-hoodie-deer-in-my-freezer-sweatshirt?utm_source=facebook&utm_medium=catalog&utm_campaign=meta_catalog&utm_content=funny-hunting-hoodie-deer-in-my-freezer-sweatshirt,https://i.etsystatic.com/57889570/r/il/698945/8302145722/il_1588xN.8302145722_zqx6.jpg,Curated Threads Outdoors,Apparel & Accessories > Clothing > Shirts & Tops,Clothing & Accessories > Clothing,,,unisex,adult,cotton-polyester blend,US::Standard:0.00 USD
funny-hunting-mug-deer-in-my-freezer-coffee-cup,"Funny Hunting Mug, Deer In My Freezer Coffee Cup, Whitetail Buck Hunter Gift for Dad Mom, Hunting Birthday Christmas Gift Idea","Every deer hunter has heard some version of the joke: fitness is measured in pounds of venison, not miles on a treadmill. Free shipping from our Etsy shop.",in stock,new,18.99 USD,https://curatedthreadsoutdoors.com/products/funny-hunting-mug-deer-in-my-freezer-coffee-cup?utm_source=facebook&utm_medium=catalog&utm_campaign=meta_catalog&utm_content=funny-hunting-mug-deer-in-my-freezer-coffee-cup,https://i.etsystatic.com/57889570/r/il/c9bb04/8292071017/il_1588xN.8292071017_r2ct.jpg,Curated Threads Outdoors,Home & Garden > Kitchen & Dining > Tableware > Drinkware > Coffee & Tea Cups,Home & Garden > Kitchen & Dining,,,,,ceramic,US::Standard:0.00 USD
funny-spike-ive-got-a-big-buck-baby-mixing-glass-16oz,"Funny Spike - Ive Got a Big Buck Baby Mixing Glass, 16oz, Deer Hunting Barware","This 16oz mixing glass brings a playful outdoorsy spirit to any bar cart. A bold, vintage-style deer illustration and the cheeky line ""I've got a Big Buck…",in stock,new,24.99 USD,https://curatedthreadsoutdoors.com/products/funny-spike-ive-got-a-big-buck-baby-mixing-glass-16oz?utm_source=facebook&utm_medium=catalog&utm_campaign=meta_catalog&utm_content=funny-spike-ive-got-a-big-buck-baby-mixing-glass-16oz,https://i.etsystatic.com/57889570/r/il/a52a19/7854385415/il_1588xN.7854385415_30yg.jpg,Curated Threads Outdoors,Home & Garden > Kitchen & Dining > Tableware > Drinkware > Barware,Home & Garden > Kitchen & Dining,,,,,glass,US::Standard:0.00 USD
geometric-whitetail-buck-hoodie-nature-lover-gift,"Geometric Whitetail Buck Hoodie, Minimalist Whitetail Deer Sweatshirt, Nature Lover Gift for Dad, Cabin Birthday Christmas Gift Idea","A boldly illustrated geometric buck with clean faceted lines on a warm 8 oz cotton-poly fleece hoodie, made for cabin evenings and long weekends off the grid. Free shipping from our Etsy shop.",in stock,new,49.99 USD,https://curatedthreadsoutdoors.com/products/geometric-whitetail-buck-hoodie-nature-lover-gift?utm_source=facebook&utm_medium=catalog&utm_campaign=meta_catalog&utm_content=geometric-whitetail-buck-hoodie-nature-lover-gift,https://i.etsystatic.com/57889570/r/il/774d72/8470981167/il_1588xN.8470981167_oz38.jpg,Curated Threads Outdoors,Apparel & Accessories > Clothing > Shirts & Tops,Clothing & Accessories > Clothing,,,unisex,adult,cotton-polyester blend,US::Standard:0.00 USD
geometric-whitetail-buck-tee-nature-lover-gift,"Geometric Whitetail Buck Tee, Whitetail Deer Shirt, Nature Lover Gift for Dad, Outdoor Cabin Birthday Christmas Gift Idea","A boldly illustrated geometric whitetail buck with clean faceted lines on soft 100% cotton, made for the outdoor lover who skips loud logos. Free shipping from our Etsy shop.",in stock,new,27.99 USD,https://curatedthreadsoutdoors.com/products/geometric-whitetail-buck-tee-nature-lover-gift?utm_source=facebook&utm_medium=catalog&utm_campaign=meta_catalog&utm_content=geometric-whitetail-buck-tee-nature-lover-gift,https://i.etsystatic.com/57889570/r/il/86e3df/8470761551/il_1588xN.8470761551_b48y.jpg,Curated Threads Outdoors,Apparel & Accessories > Clothing > Shirts & Tops,Clothing & Accessories > Clothing,,,unisex,adult,cotton,US::Standard:0.00 USD
gone-fishing-mug-vintage-rainbow-trout-fly-fishing-coffee-cup,"Gone Fishing Mug, Vintage Rainbow Trout Fly Fishing Coffee Cup, Fisherman Gift for Dad Mom, Fishing Birthday Christmas Gift Idea","Slow mornings before the river call for a mug that fits right in with the flies, the compass, and the last unfinished cup of coffee. Free shipping from our Etsy shop.",in stock,new,18.99 USD,https://curatedthreadsoutdoors.com/products/gone-fishing-mug-vintage-rainbow-trout-fly-fishing-coffee-cup?utm_source=facebook&utm_medium=catalog&utm_campaign=meta_catalog&utm_content=gone-fishing-mug-vintage-rainbow-trout-fly-fishing-coffee-cup,https://i.etsystatic.com/57889570/r/il/fed4eb/8290629244/il_1588xN.8290629244_cxa3.jpg,Curated Threads Outdoors,Home & Garden > Kitchen & Dining > Tableware > Drinkware > Coffee & Tea Cups,Home & Garden > Kitchen & Dining,,,,,ceramic,US::Standard:0.00 USD
hook-line-and-sinker-blue-marlin-fishing-shirt,"Hook Line and Sinker Blue Marlin Fishing Shirt, Blue Marlin T-Shirt, Deep Sea Fishing Gift, Saltwater Angler Tee, Fisherman Gift","Hook, Line, and Sinker captures the feeling of early morning light on the bow: slow, steady, and full of the promise of a good fight. Free shipping from our Etsy shop.",in stock,new,27.99 USD,https://curatedthreadsoutdoors.com/products/hook-line-and-sinker-blue-marlin-fishing-shirt?utm_source=facebook&utm_medium=catalog&utm_campaign=meta_catalog&utm_content=hook-line-and-sinker-blue-marlin-fishing-shirt,https://i.etsystatic.com/57889570/r/il/53ee04/8243850926/il_1588xN.8243850926_156m.jpg,Curated Threads Outdoors,Apparel & Accessories > Clothing > Shirts & Tops,Clothing & Accessories > Clothing,21.99 USD,,unisex,adult,cotton,US::Standard:0.00 USD
hook-line-and-sinker-marlin-fishing-mug,"Hook, Line, & Sinker Marlin Fishing Mug, Deep Sea Sportfishing Coffee Cup, Saltwater Fisherman Gift for Dad Mom, Fishing Mug",Slow mornings before the boat leaves and long afternoons spent reliving the last catch both deserve a mug that fits the mood. Free shipping from our Etsy shop.,in stock,new,18.99 USD,https://curatedthreadsoutdoors.com/products/hook-line-and-sinker-marlin-fishing-mug?utm_source=facebook&utm_medium=catalog&utm_campaign=meta_catalog&utm_content=hook-line-and-sinker-marlin-fishing-mug,https://i.etsystatic.com/57889570/r/il/2b492f/8291723039/il_1588xN.8291723039_lfpv.jpg,Curated Threads Outdoors,Home & Garden > Kitchen & Dining > Tableware > Drinkware > Coffee & Tea Cups,Home & Garden > Kitchen & Dining,,,,,ceramic,US::Standard:0.00 USD
i-ve-got-a-big-buck-baby-pint-glass-16oz-mixing-glass-deer-antler-design,"I've Got a Big Buck Baby Pint Glass, 16oz Mixing Glass, Deer Antler Design",This 16oz mixing glass brings rugged lodge charm to whatever you are pouring. Free shipping from our Etsy shop.,in stock,new,24.99 USD,https://curatedthreadsoutdoors.com/products/i-ve-got-a-big-buck-baby-pint-glass-16oz-mixing-glass-deer-antler-design?utm_source=facebook&utm_medium=catalog&utm_campaign=meta_catalog&utm_content=i-ve-got-a-big-buck-baby-pint-glass-16oz-mixing-glass-deer-antler-design,https://i.etsystatic.com/57889570/r/il/8bbed4/7806442672/il_1588xN.7806442672_e7eb.jpg,Curated Threads Outdoors,Home & Garden > Kitchen & Dining > Tableware > Drinkware > Barware,Home & Garden > Kitchen & Dining,,,,,glass,US::Standard:0.00 USD
i-ve-got-a-big-buck-baby-t-shirt-funny-deer-hunting-graphic-tee,"I've Got A Big Buck Baby T-Shirt, Funny Deer Hunting Graphic Tee, 100% Cotton","This I've Got a Big Buck Baby tee brings rugged, playful outdoor personality to everyday wear. Free shipping from our Etsy shop.",in stock,new,27.99 USD,https://curatedthreadsoutdoors.com/products/i-ve-got-a-big-buck-baby-t-shirt-funny-deer-hunting-graphic-tee?utm_source=facebook&utm_medium=catalog&utm_campaign=meta_catalog&utm_content=i-ve-got-a-big-buck-baby-t-shirt-funny-deer-hunting-graphic-tee,https://i.etsystatic.com/57889570/r/il/3434f7/8085243952/il_1588xN.8085243952_hnwz.jpg,Curated Threads Outdoors,Apparel & Accessories > Clothing > Shirts & Tops,Clothing & Accessories > Clothing,21.99 USD,,unisex,adult,cotton,US::Standard:0.00 USD
largemouth-bass-fishing-graphic-tshirt-hook-line-and-sinker-shirt,"Largemouth Bass Fishing Graphic TShirt, Hook Line and Sinker Shirt, Fishing Gift for Men Women","There is a quiet thrill in a line going tight at first light, and this Hook, Line, and Sinker tee captures exactly that. Free shipping from our Etsy shop.",in stock,new,27.99 USD,https://curatedthreadsoutdoors.com/products/largemouth-bass-fishing-graphic-tshirt-hook-line-and-sinker-shirt?utm_source=facebook&utm_medium=catalog&utm_campaign=meta_catalog&utm_content=largemouth-bass-fishing-graphic-tshirt-hook-line-and-sinker-shirt,https://i.etsystatic.com/57889570/r/il/3c0ed3/8192273723/il_1588xN.8192273723_97us.jpg,Curated Threads Outdoors,Apparel & Accessories > Clothing > Shirts & Tops,Clothing & Accessories > Clothing,21.99 USD,,unisex,adult,cotton,US::Standard:0.00 USD
largemouth-bass-gone-fishing-graphic-tshirt,"Largemouth Bass Gone Fishing Graphic TShirt, Vintage Angler T-Shirt for Men Women","Some weekends get planned entirely around the water, and this Gone Fishing tee is made for exactly that mindset. Free shipping from our Etsy shop.",in stock,new,27.99 USD,https://curatedthreadsoutdoors.com/products/largemouth-bass-gone-fishing-graphic-tshirt?utm_source=facebook&utm_medium=catalog&utm_campaign=meta_catalog&utm_content=largemouth-bass-gone-fishing-graphic-tshirt,https://i.etsystatic.com/57889570/r/il/7c02a4/8248755400/il_1588xN.8248755400_mrca.jpg,Curated Threads Outdoors,Apparel & Accessories > Clothing > Shirts & Tops,Clothing & Accessories > Clothing,21.99 USD,,unisex,adult,cotton,US::Standard:0.00 USD
mallard-duck-hunter-mug-waterfowl-hunting-coffee-cup,"Mallard Duck Hunter Mug, Waterfowl Hunting Coffee Cup, Duck Hunter Gift for Dad Mom, Hunting Birthday Christmas Gift Idea","Predawn stillness in the marsh, mallards cupping into the decoys, steam rising off a cup of black coffee. Free shipping from our Etsy shop.",in stock,new,18.99 USD,https://curatedthreadsoutdoors.com/products/mallard-duck-hunter-mug-waterfowl-hunting-coffee-cup?utm_source=facebook&utm_medium=catalog&utm_campaign=meta_catalog&utm_content=mallard-duck-hunter-mug-waterfowl-hunting-coffee-cup,https://i.etsystatic.com/57889570/r/il/1f9b1e/8292810777/il_1588xN.8292810777_e54i.jpg,Curated Threads Outdoors,Home & Garden > Kitchen & Dining > Tableware > Drinkware > Coffee & Tea Cups,Home & Garden > Kitchen & Dining,,,,,ceramic,US::Standard:0.00 USD
mallard-duck-hunter-vintage-graphic-tee-waterfowl-hunting-apparel,"Mallard Duck Hunter Vintage Graphic Tee, Waterfowl Hunting Apparel","This Duck Hunter tee is built for the ones who are up before the marsh wakes up, the early risers who know the sound of wings before they ever see them.",in stock,new,27.99 USD,https://curatedthreadsoutdoors.com/products/mallard-duck-hunter-vintage-graphic-tee-waterfowl-hunting-apparel?utm_source=facebook&utm_medium=catalog&utm_campaign=meta_catalog&utm_content=mallard-duck-hunter-vintage-graphic-tee-waterfowl-hunting-apparel,https://i.etsystatic.com/57889570/r/il/34468c/8085245890/il_1588xN.8085245890_b4ai.jpg,Curated Threads Outdoors,Apparel & Accessories > Clothing > Shirts & Tops,Clothing & Accessories > Clothing,21.99 USD,,unisex,adult,cotton,US::Standard:0.00 USD
marlin-fishing-hoodie-deep-sea-sportfishing-sweatshirt,"Marlin Fishing Hoodie, Deep Sea Sportfishing Sweatshirt, Saltwater Fisherman Gift for Dad Mom, Fishing Birthday Christmas Gift","Some mornings start at the marina before the sun is even up, coffee in hand and salt already in the air. Free shipping from our Etsy shop.",in stock,new,49.99 USD,https://curatedthreadsoutdoors.com/products/marlin-fishing-hoodie-deep-sea-sportfishing-sweatshirt?utm_source=facebook&utm_medium=catalog&utm_campaign=meta_catalog&utm_content=marlin-fishing-hoodie-deep-sea-sportfishing-sweatshirt,https://i.etsystatic.com/57889570/r/il/04e8c9/8302149470/il_1588xN.8302149470_kkhw.jpg,Curated Threads Outdoors,Apparel & Accessories > Clothing > Shirts & Tops,Clothing & Accessories > Clothing,,,unisex,adult,cotton-polyester blend,US::Standard:0.00 USD
patriotic-american-eagle-250th-shot-glass-4th-of-july-barware,"Patriotic American Eagle 250th Shot Glass, 4th of July Barware, USA Pride Drinkware Him","Nothing rounds out a 4th of July cookout or backyard tailgate like a proper toast, and this shot glass is built for exactly that. Free shipping from our Etsy shop.",in stock,new,19.99 USD,https://curatedthreadsoutdoors.com/products/patriotic-american-eagle-250th-shot-glass-4th-of-july-barware?utm_source=facebook&utm_medium=catalog&utm_campaign=meta_catalog&utm_content=patriotic-american-eagle-250th-shot-glass-4th-of-july-barware,https://i.etsystatic.com/57889570/r/il/52cb69/8244410352/il_1588xN.8244410352_5hm3.jpg,Curated Threads Outdoors,Home & Garden > Kitchen & Dining > Tableware > Drinkware > Barware,Home & Garden > Kitchen & Dining,,,,,glass,US::Standard:0.00 USD
patriotic-bald-eagle-usa-250th-shirt-est-1776-american-flag-graphic-tee,"Patriotic Bald Eagle USA 250th Shirt, Est 1776 American Flag Graphic Tee","A fierce bald eagle rendered in American flag colors anchors this tee's chest graphic, bold enough to wear proudly at a Fourth of July parade or a quiet…",in stock,new,27.99 USD,https://curatedthreadsoutdoors.com/products/patriotic-bald-eagle-usa-250th-shirt-est-1776-american-flag-graphic-tee?utm_source=facebook&utm_medium=catalog&utm_campaign=meta_catalog&utm_content=patriotic-bald-eagle-usa-250th-shirt-est-1776-american-flag-graphic-tee,https://i.etsystatic.com/57889570/r/il/7308ae/8085247074/il_1588xN.8085247074_tin2.jpg,Curated Threads Outdoors,Apparel & Accessories > Clothing > Shirts & Tops,Clothing & Accessories > Clothing,21.99 USD,,unisex,adult,cotton,US::Standard:0.00 USD
patriotic-eagle-250th-whiskey-glass-god-bless-america-10oz-rocks-barware,"Patriotic Eagle 250th Whiskey Glass, God Bless America 10oz Rocks Barware",This rocks glass was made for raising a toast to 250 years of American freedom. Free shipping from our Etsy shop.,in stock,new,24.99 USD,https://curatedthreadsoutdoors.com/products/patriotic-eagle-250th-whiskey-glass-god-bless-america-10oz-rocks-barware?utm_source=facebook&utm_medium=catalog&utm_campaign=meta_catalog&utm_content=patriotic-eagle-250th-whiskey-glass-god-bless-america-10oz-rocks-barware,https://i.etsystatic.com/57889570/r/il/30d78e/7854382381/il_1588xN.7854382381_9sm6.jpg,Curated Threads Outdoors,Home & Garden > Kitchen & Dining > Tableware > Drinkware > Barware,Home & Garden > Kitchen & Dining,,,,,glass,US::Standard:0.00 USD
patriotic-freedom-shirt-distressed-american-flag-usa-tee,"Patriotic Freedom Shirt, Distressed American Flag USA Tee, United We Stand Graphic","Bold red, white, and blue FREEDOM lettering sits over a distressed American flag graphic on this tee, a design built to make a statement without saying a…",in stock,new,27.99 USD,https://curatedthreadsoutdoors.com/products/patriotic-freedom-shirt-distressed-american-flag-usa-tee?utm_source=facebook&utm_medium=catalog&utm_campaign=meta_catalog&utm_content=patriotic-freedom-shirt-distressed-american-flag-usa-tee,https://i.etsystatic.com/57889570/r/il/4642c7/8133158259/il_1588xN.8133158259_3ib6.jpg,Curated Threads Outdoors,Apparel & Accessories > Clothing > Shirts & Tops,Clothing & Accessories > Clothing,21.99 USD,,unisex,adult,cotton,US::Standard:0.00 USD
pheasant-hunting-hoodie-upland-bird-hunter-sweatshirt,"Pheasant Hunting Hoodie, Upland Bird Hunter Sweatshirt, Pointer Dog Hunter Gift for Dad Mom, Hunting Birthday Christmas Gift","Frost on the CRP, a pointer locked up hard, and a rooster busting from the grass in a rush of wings. Free shipping from our Etsy shop.",in stock,new,49.99 USD,https://curatedthreadsoutdoors.com/products/pheasant-hunting-hoodie-upland-bird-hunter-sweatshirt?utm_source=facebook&utm_medium=catalog&utm_campaign=meta_catalog&utm_content=pheasant-hunting-hoodie-upland-bird-hunter-sweatshirt,https://i.etsystatic.com/57889570/r/il/9365db/8327973778/il_1588xN.8327973778_gm9t.jpg,Curated Threads Outdoors,Apparel & Accessories > Clothing > Shirts & Tops,Clothing & Accessories > Clothing,,,unisex,adult,cotton-polyester blend,US::Standard:0.00 USD
pheasant-hunting-mug-upland-bird-hunter-coffee-cup,"Pheasant Hunting Mug, Upland Bird Hunter Coffee Cup, Pointer Dog Hunting Gift for Dad Mom, Hunting Birthday Christmas Gift Idea","Rise early, hunt hard, chase the flush. Free shipping from our Etsy shop.",in stock,new,18.99 USD,https://curatedthreadsoutdoors.com/products/pheasant-hunting-mug-upland-bird-hunter-coffee-cup?utm_source=facebook&utm_medium=catalog&utm_campaign=meta_catalog&utm_content=pheasant-hunting-mug-upland-bird-hunter-coffee-cup,https://i.etsystatic.com/57889570/r/il/5b77c2/8260776278/il_1588xN.8260776278_nsem.jpg,Curated Threads Outdoors,Home & Garden > Kitchen & Dining > Tableware > Drinkware > Coffee & Tea Cups,Home & Garden > Kitchen & Dining,,,,,ceramic,US::Standard:0.00 USD
pheasant-hunting-shirt-for-men-upland-bird-hunter-gift,"Pheasant Hunting Shirt for Men, Upland Bird Hunter Gift, Rise Early Hunt Hard Tee, Bird Dog GSP Shirt, Fathers Day Gift for Hunter","Cold mornings, wet boots, and a good dog locked on point, this tee captures that feeling right on the chest. Free shipping from our Etsy shop.",in stock,new,27.99 USD,https://curatedthreadsoutdoors.com/products/pheasant-hunting-shirt-for-men-upland-bird-hunter-gift?utm_source=facebook&utm_medium=catalog&utm_campaign=meta_catalog&utm_content=pheasant-hunting-shirt-for-men-upland-bird-hunter-gift,https://i.etsystatic.com/57889570/r/il/4b678a/8296646883/il_1588xN.8296646883_4cmb.jpg,Curated Threads Outdoors,Apparel & Accessories > Clothing > Shirts & Tops,Clothing & Accessories > Clothing,21.99 USD,,unisex,adult,cotton,US::Standard:0.00 USD
pheasant-hunting-shirt-upland-bird-hunter-graphic-tee,"Pheasant Hunting Shirt, Upland Bird Hunter Graphic Tee, Pointer Dog Hunting Gift for Dad Mom, Hunting Birthday Christmas Gift","The wind at your back, the pointer locked up, and a rooster bursting from the grass in a rush of wings, this tee puts that whole scene on the chest.",in stock,new,27.99 USD,https://curatedthreadsoutdoors.com/products/pheasant-hunting-shirt-upland-bird-hunter-graphic-tee?utm_source=facebook&utm_medium=catalog&utm_campaign=meta_catalog&utm_content=pheasant-hunting-shirt-upland-bird-hunter-graphic-tee,https://i.etsystatic.com/57889570/r/il/1f6af6/8260732536/il_1588xN.8260732536_e6za.jpg,Curated Threads Outdoors,Apparel & Accessories > Clothing > Shirts & Tops,Clothing & Accessories > Clothing,21.99 USD,,unisex,adult,cotton,US::Standard:0.00 USD
rise-early-hunt-hard-hoodie-vintage-pheasant-hunting-sweatshirt,"Rise Early Hunt Hard Hoodie, Vintage Pheasant Hunting Sweatshirt, Upland Bird Hunter Gift, Hunting Birthday Christmas Gift",Rise early. Free shipping from our Etsy shop.,in stock,new,49.99 USD,https://curatedthreadsoutdoors.com/products/rise-early-hunt-hard-hoodie-vintage-pheasant-hunting-sweatshirt?utm_source=facebook&utm_medium=catalog&utm_campaign=meta_catalog&utm_content=rise-early-hunt-hard-hoodie-vintage-pheasant-hunting-sweatshirt,https://i.etsystatic.com/57889570/r/il/52cfac/8359592536/il_1588xN.8359592536_b6na.jpg,Curated Threads Outdoors,Apparel & Accessories > Clothing > Shirts & Tops,Clothing & Accessories > Clothing,,,unisex,adult,cotton-polyester blend,US::Standard:0.00 USD
rise-early-hunt-hard-mug,"Rise Early Hunt Hard Mug, Vintage Chase the Flush Pheasant Hunting Coffee Cup, Upland Bird Hunter Gift, Hunting Birthday Christmas Gift Idea",Rise early. Hunt hard. Free shipping from our Etsy shop.,in stock,new,18.99 USD,https://curatedthreadsoutdoors.com/products/rise-early-hunt-hard-mug?utm_source=facebook&utm_medium=catalog&utm_campaign=meta_catalog&utm_content=rise-early-hunt-hard-mug,https://i.etsystatic.com/57889570/r/il/78926b/8260865984/il_1588xN.8260865984_aqer.jpg,Curated Threads Outdoors,Home & Garden > Kitchen & Dining > Tableware > Drinkware > Coffee & Tea Cups,Home & Garden > Kitchen & Dining,,,,,ceramic,US::Standard:0.00 USD
rustic-whitetail-buck-graphic-tee-outdoor-nature-lover-apparel,"Big Buck Down Shirt, Whitetail Deer Hunter Tee, Hunt Camp Bragging Rights Gift for Dad, Hunting Season Birthday Christmas Gift","For the hunter who dropped their target buck and can't wait to tell everybody at deer camp about it, this Big Buck Down tee features a bold, detailed whitetail illustration with a proud rack, paired with rugged camo-pattern lettering that reads like a campfire brag and a grin. Free shipping from our Etsy shop.",in stock,new,27.99 USD,https://curatedthreadsoutdoors.com/products/rustic-whitetail-buck-graphic-tee-outdoor-nature-lover-apparel?utm_source=facebook&utm_medium=catalog&utm_campaign=meta_catalog&utm_content=rustic-whitetail-buck-graphic-tee-outdoor-nature-lover-apparel,https://i.etsystatic.com/57889570/r/il/9658c4/8408159041/il_1588xN.8408159041_2gkz.jpg,Curated Threads Outdoors,Apparel & Accessories > Clothing > Shirts & Tops,Clothing & Accessories > Clothing,21.99 USD,,unisex,adult,cotton,US::Standard:0.00 USD
trophy-bass-fishing-mug-hook-line-and-sinker-lake-sunset-coffee-cup,"Trophy Bass Fishing Mug, Hook Line and Sinker Lake Sunset Coffee Cup, Bass Fisherman Gift for Dad Mom, Fishing Birthday Christmas Gift","Golden hour on the water, the last cast before the sun drops, and the still lake giving up one more fish. Free shipping from our Etsy shop.",in stock,new,18.99 USD,https://curatedthreadsoutdoors.com/products/trophy-bass-fishing-mug-hook-line-and-sinker-lake-sunset-coffee-cup?utm_source=facebook&utm_medium=catalog&utm_campaign=meta_catalog&utm_content=trophy-bass-fishing-mug-hook-line-and-sinker-lake-sunset-coffee-cup,https://i.etsystatic.com/57889570/r/il/5ccf70/8357821368/il_1588xN.8357821368_9d9y.jpg,Curated Threads Outdoors,Home & Garden > Kitchen & Dining > Tableware > Drinkware > Coffee & Tea Cups,Home & Garden > Kitchen & Dining,,,,,ceramic,US::Standard:0.00 USD
turkey-hunter-back-print-hoodie-wild-turkey-hunting-sweatshirt,"Turkey Hunter Hoodie, Wild Turkey Hunting Back Print Sweatshirt, Gobbler Hunter Gift for Dad Mom, Hunting Birthday Christmas Gift","Predawn calls, coffee in the vest pocket, and the long walk in before first light. Free shipping from our Etsy shop.",in stock,new,49.99 USD,https://curatedthreadsoutdoors.com/products/turkey-hunter-back-print-hoodie-wild-turkey-hunting-sweatshirt?utm_source=facebook&utm_medium=catalog&utm_campaign=meta_catalog&utm_content=turkey-hunter-back-print-hoodie-wild-turkey-hunting-sweatshirt,https://i.etsystatic.com/57889570/r/il/98fa49/8405652453/il_1588xN.8405652453_84xs.jpg,Curated Threads Outdoors,Apparel & Accessories > Clothing > Shirts & Tops,Clothing & Accessories > Clothing,,,unisex,adult,cotton-polyester blend,US::Standard:0.00 USD
turkey-hunter-hoodie-wild-turkey-hunting-sweatshirt,"Turkey Hunter Hoodie, Wild Turkey Hunting Sweatshirt, Gobbler Hunter Gift for Dad Mom Grandpa, Hunting Birthday Christmas Gift","Predawn calls, cold coffee in the vest pocket, and the long walk in before first light, this hoodie was made for that exact routine. Free shipping from our Etsy shop.",in stock,new,49.99 USD,https://curatedthreadsoutdoors.com/products/turkey-hunter-hoodie-wild-turkey-hunting-sweatshirt?utm_source=facebook&utm_medium=catalog&utm_campaign=meta_catalog&utm_content=turkey-hunter-hoodie-wild-turkey-hunting-sweatshirt,https://i.etsystatic.com/57889570/r/il/1d7364/8350043401/il_1588xN.8350043401_del3.jpg,Curated Threads Outdoors,Apparel & Accessories > Clothing > Shirts & Tops,Clothing & Accessories > Clothing,,,unisex,adult,cotton-polyester blend,US::Standard:0.00 USD
turkey-hunter-mug-wild-turkey-hunting-coffee-cup,"Turkey Hunter Mug, Wild Turkey Hunting Coffee Cup, Gobbler Hunter Gift for Dad Mom, Hunting Birthday Christmas Gift Idea","Warm autumn tones and a strutting gobbler bring this mug to life, with a shotgun leaned in the tall grass and rustic hunter-orange lettering that gives it…",in stock,new,18.99 USD,https://curatedthreadsoutdoors.com/products/turkey-hunter-mug-wild-turkey-hunting-coffee-cup?utm_source=facebook&utm_medium=catalog&utm_campaign=meta_catalog&utm_content=turkey-hunter-mug-wild-turkey-hunting-coffee-cup,https://i.etsystatic.com/57889570/r/il/0e4311/8292812631/il_1588xN.8292812631_tude.jpg,Curated Threads Outdoors,Home & Garden > Kitchen & Dining > Tableware > Drinkware > Coffee & Tea Cups,Home & Garden > Kitchen & Dining,,,,,ceramic,US::Standard:0.00 USD
turkey-hunter-shirt-vintage-wild-turkey-graphic-tee,"Turkey Hunter Shirt, Vintage Wild Turkey Graphic Tee","There is a look to this tee that says the wearer was up before the alarm, patient in the blind, and knows exactly what it takes to earn a shot.",in stock,new,27.99 USD,https://curatedthreadsoutdoors.com/products/turkey-hunter-shirt-vintage-wild-turkey-graphic-tee?utm_source=facebook&utm_medium=catalog&utm_campaign=meta_catalog&utm_content=turkey-hunter-shirt-vintage-wild-turkey-graphic-tee,https://i.etsystatic.com/57889570/r/il/8b69a1/8022404891/il_1588xN.8022404891_yr18.jpg,Curated Threads Outdoors,Apparel & Accessories > Clothing > Shirts & Tops,Clothing & Accessories > Clothing,21.99 USD,,unisex,adult,cotton,US::Standard:0.00 USD
vintage-wild-turkey-hunter-graphic-t-shirt-100-cotton-hunting-tee,"Vintage Wild Turkey Hunter Graphic T-Shirt, 100% Cotton Hunting Tee","Before the truck door even shuts, this tee sets the tone: a strutting tom rendered beside a worn shotgun in warm, vintage autumn tones, with blocky…",in stock,new,27.99 USD,https://curatedthreadsoutdoors.com/products/vintage-wild-turkey-hunter-graphic-t-shirt-100-cotton-hunting-tee?utm_source=facebook&utm_medium=catalog&utm_campaign=meta_catalog&utm_content=vintage-wild-turkey-hunter-graphic-t-shirt-100-cotton-hunting-tee,https://i.etsystatic.com/57889570/r/il/2a1f34/8292334459/il_1588xN.8292334459_zhau.jpg,Curated Threads Outdoors,Apparel & Accessories > Clothing > Shirts & Tops,Clothing & Accessories > Clothing,21.99 USD,,unisex,adult,cotton,US::Standard:0.00 USD
vintage-wild-turkey-hunter-mug-wild-turkey-shotgun-coffee-cup,"Vintage Wild Turkey Hunter Mug, Wild Turkey Shotgun Coffee Cup, Gobbler Hunting Gift for Dad Mom, Hunting Birthday Christmas Gift Idea","A strutting gobbler and a shotgun leaned in the tall grass anchor this mug's vintage-style artwork, rendered in warm autumn tones with rustic…",in stock,new,18.99 USD,https://curatedthreadsoutdoors.com/products/vintage-wild-turkey-hunter-mug-wild-turkey-shotgun-coffee-cup?utm_source=facebook&utm_medium=catalog&utm_campaign=meta_catalog&utm_content=vintage-wild-turkey-hunter-mug-wild-turkey-shotgun-coffee-cup,https://i.etsystatic.com/57889570/r/il/7954df/8292811703/il_1588xN.8292811703_j7x8.jpg,Curated Threads Outdoors,Home & Garden > Kitchen & Dining > Tableware > Drinkware > Coffee & Tea Cups,Home & Garden > Kitchen & Dining,,,,,ceramic,US::Standard:0.00 USD
whitetail-american-flag-one-nation-under-god-shirt,"Whitetail American Flag One Nation Under God Shirt, Deer Skull American Flag Tee, Patriotic Hunting Gift","This tee puts faith, flag, and field on one chest. Free shipping from our Etsy shop.",in stock,new,27.99 USD,https://curatedthreadsoutdoors.com/products/whitetail-american-flag-one-nation-under-god-shirt?utm_source=facebook&utm_medium=catalog&utm_campaign=meta_catalog&utm_content=whitetail-american-flag-one-nation-under-god-shirt,https://i.etsystatic.com/57889570/r/il/e439eb/8292335231/il_1588xN.8292335231_gue0.jpg,Curated Threads Outdoors,Apparel & Accessories > Clothing > Shirts & Tops,Clothing & Accessories > Clothing,21.99 USD,,unisex,adult,cotton,US::Standard:0.00 USD
whitetail-deer-hunter-graphic-tee-wildlife-buck-hunting-apparel,"Whitetail Deer Hunter Shirt, Buck Hunting Graphic Tee, Gift for Deer Hunter Men or Women","A detailed wildlife scene covers the chest of this one, a buck, a doe, and a rifle rendered in rich natural tones, paired with bold WHITETAIL and DEER…",in stock,new,27.99 USD,https://curatedthreadsoutdoors.com/products/whitetail-deer-hunter-graphic-tee-wildlife-buck-hunting-apparel?utm_source=facebook&utm_medium=catalog&utm_campaign=meta_catalog&utm_content=whitetail-deer-hunter-graphic-tee-wildlife-buck-hunting-apparel,https://i.etsystatic.com/57889570/r/il/213bac/7979391348/il_1588xN.7979391348_pxha.jpg,Curated Threads Outdoors,Apparel & Accessories > Clothing > Shirts & Tops,Clothing & Accessories > Clothing,21.99 USD,,unisex,adult,cotton,US::Standard:0.00 USD
whitetail-deer-hunter-mug-buck-and-rifle-hunting-coffee-cup,"Whitetail Deer Hunter Mug, Buck and Rifle Hunting Coffee Cup, Deer Hunter Gift for Dad Mom, Hunting Birthday Christmas Gift Idea",Frost-tipped mornings and campfire coffee inspired this one. Free shipping from our Etsy shop.,in stock,new,18.99 USD,https://curatedthreadsoutdoors.com/products/whitetail-deer-hunter-mug-buck-and-rifle-hunting-coffee-cup?utm_source=facebook&utm_medium=catalog&utm_campaign=meta_catalog&utm_content=whitetail-deer-hunter-mug-buck-and-rifle-hunting-coffee-cup,https://i.etsystatic.com/57889570/r/il/b6a9ab/8244894356/il_1588xN.8244894356_ammp.jpg,Curated Threads Outdoors,Home & Garden > Kitchen & Dining > Tableware > Drinkware > Coffee & Tea Cups,Home & Garden > Kitchen & Dining,,,,,ceramic,US::Standard:0.00 USD
whitetail-deer-hunter-mug-deer-hunter-coffee-cup,"Whitetail Deer Hunter Mug, Deer Hunter Coffee Cup, Whitetail Hunter Gift for Dad Mom Grandpa, Hunting Birthday Christmas Gift","There is a certain kind of morning this mug was made for: frost on the windshield, coffee steaming in the truck, the walk down the trail before first light.",in stock,new,18.99 USD,https://curatedthreadsoutdoors.com/products/whitetail-deer-hunter-mug-deer-hunter-coffee-cup?utm_source=facebook&utm_medium=catalog&utm_campaign=meta_catalog&utm_content=whitetail-deer-hunter-mug-deer-hunter-coffee-cup,https://i.etsystatic.com/57889570/r/il/3433cf/8338487087/il_1588xN.8338487087_ndr9.jpg,Curated Threads Outdoors,Home & Garden > Kitchen & Dining > Tableware > Drinkware > Coffee & Tea Cups,Home & Garden > Kitchen & Dining,,,,,ceramic,US::Standard:0.00 USD
whitetail-deer-hunting-scene-mug,"Whitetail Deer Hunting Scene Mug, Whitetail Buck and Rifle Hunter Coffee Cup, Deer Hunter Gift for Dad Mom, Hunting Birthday Christmas Gift","This mug captures the quiet part of the hunt, frost-tipped mornings, campfire coffee, and the slow walk down a trail before first light. Free shipping from our Etsy shop.",in stock,new,18.99 USD,https://curatedthreadsoutdoors.com/products/whitetail-deer-hunting-scene-mug?utm_source=facebook&utm_medium=catalog&utm_campaign=meta_catalog&utm_content=whitetail-deer-hunting-scene-mug,https://i.etsystatic.com/57889570/r/il/38f5d4/8301918218/il_1588xN.8301918218_8c67.jpg,Curated Threads Outdoors,Home & Garden > Kitchen & Dining > Tableware > Drinkware > Coffee & Tea Cups,Home & Garden > Kitchen & Dining,,,,,ceramic,US::Standard:0.00 USD
whitetail-deer-skull-hoodie-rustic-nature-graphic-long-sleeve-tee,"Whitetail Deer Skull Hoodie, Rustic Nature Graphic Long Sleeve Tee","A bold golden deer skull, full rack and clean detail, sits centered on the chest of this hooded long-sleeve tee. Free shipping from our Etsy shop.",in stock,new,49.99 USD,https://curatedthreadsoutdoors.com/products/whitetail-deer-skull-hoodie-rustic-nature-graphic-long-sleeve-tee?utm_source=facebook&utm_medium=catalog&utm_campaign=meta_catalog&utm_content=whitetail-deer-skull-hoodie-rustic-nature-graphic-long-sleeve-tee,https://i.etsystatic.com/57889570/r/il/cb4384/8244417416/il_1588xN.8244417416_75ih.jpg,Curated Threads Outdoors,Apparel & Accessories > Clothing > Shirts & Tops,Clothing & Accessories > Clothing,29.99 USD,,unisex,adult,cotton-polyester blend,US::Standard:0.00 USD
whitetail-deer-whiskey-rocks-glass-10oz-hunter-barware,"Whitetail Deer Whiskey Rocks Glass, 10oz Hunter Barware, Rustic Cabin Drinkware Gift","This 10oz rocks glass wraps a detailed rustic deer design around durable, clear tempered glass, combining rugged charm with a little timeless elegance.",in stock,new,24.99 USD,https://curatedthreadsoutdoors.com/products/whitetail-deer-whiskey-rocks-glass-10oz-hunter-barware?utm_source=facebook&utm_medium=catalog&utm_campaign=meta_catalog&utm_content=whitetail-deer-whiskey-rocks-glass-10oz-hunter-barware,https://i.etsystatic.com/57889570/r/il/e5a725/8296649997/il_1588xN.8296649997_cuop.jpg,Curated Threads Outdoors,Home & Garden > Kitchen & Dining > Tableware > Drinkware > Barware,Home & Garden > Kitchen & Dining,,,,,glass,US::Standard:0.00 USD
whitetail-fitness-deer-in-my-freezer-shirt-funny-deer-hunting-tee,"Whitetail Fitness Deer In My Freezer Shirt, Funny Deer Hunting Tee","This one is built to get a laugh. A muscular buck in sunglasses curls a dumbbell in front of a rustic freezer, with YEAH, I'M INTO FITNESS... Free shipping from our Etsy shop.",in stock,new,27.99 USD,https://curatedthreadsoutdoors.com/products/whitetail-fitness-deer-in-my-freezer-shirt-funny-deer-hunting-tee?utm_source=facebook&utm_medium=catalog&utm_campaign=meta_catalog&utm_content=whitetail-fitness-deer-in-my-freezer-shirt-funny-deer-hunting-tee,https://i.etsystatic.com/57889570/r/il/ffee81/8325888274/il_1588xN.8325888274_mmoa.jpg,Curated Threads Outdoors,Apparel & Accessories > Clothing > Shirts & Tops,Clothing & Accessories > Clothing,21.99 USD,,unisex,adult,cotton,US::Standard:0.00 USD
whitetail-hunt-life-engraved-insulated-tumbler-40oz-travel-mug,"Whitetail Hunt Life Engraved Insulated Tumbler, 40oz Travel Mug, Recycled Stainless Steel, Outdoor Adventure","This 40oz insulated tumbler is built for anyone who lives outdoors as much as possible, from early mornings at hunting camp to long days on the trail.",in stock,new,36.99 USD,https://curatedthreadsoutdoors.com/products/whitetail-hunt-life-engraved-insulated-tumbler-40oz-travel-mug?utm_source=facebook&utm_medium=catalog&utm_campaign=meta_catalog&utm_content=whitetail-hunt-life-engraved-insulated-tumbler-40oz-travel-mug,https://i.etsystatic.com/57889570/r/il/bb0a4c/7823217275/il_1588xN.7823217275_jmb6.jpg,Curated Threads Outdoors,Home & Garden > Kitchen & Dining > Tableware > Drinkware > Tumblers,Home & Garden > Kitchen & Dining,,,,,stainless steel,US::Standard:0.00 USD
whitetail-hunt-life-skull-tumbler,"Whitetail Hunt Life Skull Tumbler, Insulated Stainless Steel Hunting Mug, 22oz Travel Cup",This tumbler is built for hunters who need their coffee as tough as they are. Free shipping from our Etsy shop.,in stock,new,34.99 USD,https://curatedthreadsoutdoors.com/products/whitetail-hunt-life-skull-tumbler?utm_source=facebook&utm_medium=catalog&utm_campaign=meta_catalog&utm_content=whitetail-hunt-life-skull-tumbler,https://i.etsystatic.com/57889570/r/il/64e6aa/8292331569/il_1588xN.8292331569_3ual.jpg,Curated Threads Outdoors,Home & Garden > Kitchen & Dining > Tableware > Drinkware > Tumblers,Home & Garden > Kitchen & Dining,,,,,stainless steel,US::Standard:0.00 USD
whitetail-hunt-life-tumbler-insulated-stainless-steel-travel-mug,"Whitetail Hunt Life Tumbler, Insulated Stainless Steel Travel Mug, Outdoor Camping Cup, 22oz Capacity","Built for hunting camp mornings and long drives home, this insulated tumbler pairs a rugged skull graphic with a durable powder-coated stainless steel body.",in stock,new,29.99 USD,https://curatedthreadsoutdoors.com/products/whitetail-hunt-life-tumbler-insulated-stainless-steel-travel-mug?utm_source=facebook&utm_medium=catalog&utm_campaign=meta_catalog&utm_content=whitetail-hunt-life-tumbler-insulated-stainless-steel-travel-mug,https://i.etsystatic.com/57889570/r/il/866223/7806421534/il_1588xN.7806421534_eaiq.jpg,Curated Threads Outdoors,Home & Garden > Kitchen & Dining > Tableware > Drinkware > Tumblers,Home & Garden > Kitchen & Dining,,,,,stainless steel,US::Standard:0.00 USD
whitetail-hunter-hoodie-deer-buck-hunting-sweatshirt,"Whitetail Hunter Hoodie, Deer Buck Hunting Sweatshirt, Rifle Hunter Gift for Dad Mom Grandpa, Hunting Birthday Christmas Gift","Late-afternoon light, pine-scented air, and the hush of the woods before the shot. Free shipping from our Etsy shop.",in stock,new,49.99 USD,https://curatedthreadsoutdoors.com/products/whitetail-hunter-hoodie-deer-buck-hunting-sweatshirt?utm_source=facebook&utm_medium=catalog&utm_campaign=meta_catalog&utm_content=whitetail-hunter-hoodie-deer-buck-hunting-sweatshirt,https://i.etsystatic.com/57889570/r/il/d4e867/8373957283/il_1588xN.8373957283_9j0k.jpg,Curated Threads Outdoors,Apparel & Accessories > Clothing > Shirts & Tops,Clothing & Accessories > Clothing,,,unisex,adult,cotton-polyester blend,US::Standard:0.00 USD
whitetail-hunter-shirt-whitetail-deer-hunting-graphic-tee,"Whitetail Hunter Shirt, Whitetail Deer Hunting Graphic Tee, Rifle Hunter Gift for Dad Mom Grandpa, Hunting Birthday Christmas Gift","Late-afternoon light, pine-scented air, and the hush of the woods just before the shot, that is the scene wrapped around this tee. Free shipping from our Etsy shop.",in stock,new,27.99 USD,https://curatedthreadsoutdoors.com/products/whitetail-hunter-shirt-whitetail-deer-hunting-graphic-tee?utm_source=facebook&utm_medium=catalog&utm_campaign=meta_catalog&utm_content=whitetail-hunter-shirt-whitetail-deer-hunting-graphic-tee,https://i.etsystatic.com/57889570/r/il/9042fa/8349810353/il_1588xN.8349810353_j2kl.jpg,Curated Threads Outdoors,Apparel & Accessories > Clothing > Shirts & Tops,Clothing & Accessories > Clothing,,,unisex,adult,cotton,US::Standard:0.00 USD
youth-bear-hunter-hoodie-kids-hunting-sweatshirt,"Youth Bear Hunter Hoodie, Kids Hunting Sweatshirt, Bear Hunting Gift for Son Grandson Nephew, Kids Birthday Christmas Gift Idea",For the young hunter who is already asking when opening day is and how many days until bear camp. Free shipping from our Etsy shop.,in stock,new,31.99 USD,https://curatedthreadsoutdoors.com/products/youth-bear-hunter-hoodie-kids-hunting-sweatshirt?utm_source=facebook&utm_medium=catalog&utm_campaign=meta_catalog&utm_content=youth-bear-hunter-hoodie-kids-hunting-sweatshirt,https://i.etsystatic.com/57889570/r/il/1c1409/8356472726/il_1588xN.8356472726_plqo.jpg,Curated Threads Outdoors,Apparel & Accessories > Clothing > Shirts & Tops,Clothing & Accessories > Clothing,,,unisex,kids,cotton-polyester blend,US::Standard:0.00 USD
youth-bear-hunter-shirt-kids-hunting-graphic-tee,"Youth Bear Hunter Shirt, Kids Hunting Graphic Tee, Bear Hunting Gift for Son Grandson Nephew, Kids Birthday Christmas Gift Idea",For the young hunter who is already asking when opening day is and how many days until deer camp. Free shipping from our Etsy shop.,in stock,new,21.99 USD,https://curatedthreadsoutdoors.com/products/youth-bear-hunter-shirt-kids-hunting-graphic-tee?utm_source=facebook&utm_medium=catalog&utm_campaign=meta_catalog&utm_content=youth-bear-hunter-shirt-kids-hunting-graphic-tee,https://i.etsystatic.com/57889570/r/il/2126c9/8325883368/il_1588xN.8325883368_dblt.jpg,Curated Threads Outdoors,Apparel & Accessories > Clothing > Shirts & Tops,Clothing & Accessories > Clothing,,,unisex,kids,cotton,US::Standard:0.00 USD
youth-buck-hunter-hoodie-kids-deer-hunting-sweatshirt,"Youth Buck Hunter Hoodie, Kids Deer Hunting Sweatshirt, Whitetail Hunter Gift for Son Grandson Nephew, Kids Birthday Christmas Gift",Youth Buck Hunter Hoodie. A kids' hoodie and a great gift for the young hunter in your life. Free shipping from our Etsy shop.,in stock,new,31.99 USD,https://curatedthreadsoutdoors.com/products/youth-buck-hunter-hoodie-kids-deer-hunting-sweatshirt?utm_source=facebook&utm_medium=catalog&utm_campaign=meta_catalog&utm_content=youth-buck-hunter-hoodie-kids-deer-hunting-sweatshirt,https://i.etsystatic.com/57889570/r/il/88faf2/8404299585/il_1588xN.8404299585_4duv.jpg,Curated Threads Outdoors,Apparel & Accessories > Clothing > Shirts & Tops,Clothing & Accessories > Clothing,,,unisex,kids,cotton-polyester blend,US::Standard:0.00 USD
youth-buck-hunter-shirt-kids-deer-hunting-graphic-tee,"Youth Buck Hunter Shirt, Kids Deer Hunting Graphic Tee, Whitetail Hunter Gift for Son Grandson Nephew, Kids Birthday Christmas Gift",Youth Buck Hunter Shirt. A kids' t-shirt and a great gift for the young hunter in your life. Free shipping from our Etsy shop.,in stock,new,21.99 USD,https://curatedthreadsoutdoors.com/products/youth-buck-hunter-shirt-kids-deer-hunting-graphic-tee?utm_source=facebook&utm_medium=catalog&utm_campaign=meta_catalog&utm_content=youth-buck-hunter-shirt-kids-deer-hunting-graphic-tee,https://i.etsystatic.com/57889570/r/il/887698/8379410905/il_1588xN.8379410905_juc5.jpg,Curated Threads Outdoors,Apparel & Accessories > Clothing > Shirts & Tops,Clothing & Accessories > Clothing,,,unisex,kids,cotton,US::Standard:0.00 USD
